0 ; 0
1 ; 11
2 ; 22
3 ; 33
4 ; 44
5 ; 55
6 ; 66
7 ; 77
8 ; 88
9 ; 99
10 ; 110
11 ; 121
12 ; 132
13 ; 143
14 ; 154
15 ; 165
16 ; 176
17 ; 187
18 ; 198
19 ; 209
20 ; 220
21 ; 231
22 ; 242
23 ; 253
24 ; 264
25 ; 275
26 ; 286
27 ; 297
28 ; 308
29 ; 319
30 ; 330
31 ; 341
32 ; 352
33 ; 363
34 ; 374
35 ; 385
36 ; 396
37 ; 407
38 ; 418
39 ; 429
40 ; 440
41 ; 451
42 ; 462
43 ; 473
44 ; 484
45 ; 495
46 ; 506
47 ; 517
48 ; 528
49 ; 539
50 ; 550
51 ; 561
52 ; 572
53 ; 583
54 ; 594
55 ; 605
56 ; 616
57 ; 627
58 ; 638
59 ; 649
60 ; 660
61 ; 671
62 ; 682
63 ; 693
64 ; 704
65 ; 715
66 ; 726
67 ; 737
68 ; 748
69 ; 759
70 ; 770
71 ; 781
72 ; 792
73 ; 803
74 ; 814
75 ; 825
76 ; 836
77 ; 847
78 ; 858
79 ; 869
80 ; 880
81 ; 891
82 ; 902
83 ; 913
84 ; 924
85 ; 935
86 ; 946
87 ; 957
88 ; 968
89 ; 979
90 ; 990
91 ; 1001
92 ; 1012
93 ; 1023
94 ; 1034
95 ; 1045
96 ; 1056
97 ; 1067
98 ; 1078
99 ; 1089
100 ; 1100
101 ; 1111
102 ; 1122
103 ; 1133
104 ; 1144
105 ; 1155
106 ; 1166
107 ; 1177
108 ; 1188
109 ; 1199
110 ; 1210
111 ; 1221
112 ; 1232
113 ; 1243
114 ; 1254
115 ; 1265
116 ; 1276
117 ; 1287
118 ; 1298
119 ; 1309
120 ; 1320
121 ; 1331
122 ; 1342
123 ; 1353
124 ; 1364
125 ; 1375
126 ; 1386
127 ; 1397
128 ; 1408
129 ; 1419
130 ; 1430
131 ; 1441
132 ; 1452
133 ; 1463
134 ; 1474
135 ; 1485
136 ; 1496
137 ; 1507
138 ; 1518
139 ; 1529
140 ; 1540
141 ; 1551
142 ; 1562
143 ; 1573
144 ; 1584
145 ; 1595
146 ; 1606
147 ; 1617
148 ; 1628
149 ; 1639
150 ; 1650
151 ; 1661
152 ; 1672
153 ; 1683
154 ; 1694
155 ; 1705
156 ; 1716
157 ; 1727
158 ; 1738
159 ; 1749
160 ; 1760
161 ; 1771
162 ; 1782
163 ; 1793
164 ; 1804
165 ; 1815
166 ; 1826
167 ; 1837
168 ; 1848
169 ; 1859
170 ; 1870
171 ; 1881
172 ; 1892
173 ; 1903
174 ; 1914
175 ; 1925
176 ; 1936
177 ; 1947
178 ; 1958
179 ; 1969
180 ; 1980
181 ; 1991
182 ; 2002
183 ; 2013
184 ; 2024
185 ; 2035
186 ; 2046
187 ; 2057
188 ; 2068
189 ; 2079
190 ; 2090
191 ; 2101
192 ; 2112
193 ; 2123
194 ; 2134
195 ; 2145
196 ; 2156
197 ; 2167
198 ; 2178
199 ; 2189
200 ; 2200
201 ; 2211
202 ; 2222
203 ; 2233
204 ; 2244
205 ; 2255
206 ; 2266
207 ; 2277
208 ; 2288
209 ; 2299
210 ; 2310
211 ; 2321
212 ; 2332
213 ; 2343
214 ; 2354
215 ; 2365
216 ; 2376
217 ; 2387
218 ; 2398
219 ; 2409
220 ; 2420
221 ; 2431
222 ; 2442
223 ; 2453
224 ; 2464
225 ; 2475
226 ; 2486
227 ; 2497
228 ; 2508
229 ; 2519
230 ; 2530
231 ; 2541
232 ; 2552
233 ; 2563
234 ; 2574
235 ; 2585
236 ; 2596
237 ; 2607
238 ; 2618
239 ; 2629
240 ; 2640
241 ; 2651
242 ; 2662
243 ; 2673
244 ; 2684
245 ; 2695
246 ; 2706
247 ; 2717
248 ; 2728
249 ; 2739
250 ; 2750
251 ; 2761
252 ; 2772
253 ; 2783
254 ; 2794
255 ; 2805
